ds,forecast,lower,upper,actual
2009-12-01,48569.74853833649,34080.526014600815,63610.38884870404,43894.87
2009-12-02,45678.840213443895,29666.76068075489,61325.748026934256,52762.06
2009-12-03,52326.45696925372,37496.949917628015,67198.172684517,67413.62
2009-12-04,42378.8910859018,27420.782414624227,57444.407238772066,33913.81
2009-12-05,16344.622713076193,2099.069546101835,31209.429618167695,9803.05
2009-12-06,32382.99958501016,16753.42761980552,47420.00003335392,24390.1
2009-12-07,41101.04501161254,27273.929023456745,57974.44153332697,33002.49
2009-12-08,44745.33822602285,29009.805926619643,60464.18519925687,44763.34
2009-12-09,40639.68141011175,25063.836775796746,54109.79747447007,30763.170000000002
2009-12-10,46050.03091973491,30016.77465583784,60849.27710491277,38598.21
2009-12-11,34869.50766555476,19394.587319862047,50433.80508998774,39204.17
2009-12-12,7634.429102181286,-7164.329939601707,23656.179083037518,0.0
2009-12-13,22532.285262593396,8362.778132976573,38200.91002114249,21577.35
2009-12-14,30197.820040768533,15425.700418633,46186.21390045345,51245.16
2009-12-15,32904.1814151142,18029.18479428073,48175.1518792484,46836.63
2009-12-16,27999.874872651704,12962.485835450534,41979.913855878396,36927.3
2009-12-17,32773.01725732583,17343.077461288878,48097.61075365002,29758.87
2009-12-18,21135.72491772619,5666.628972193017,35587.46271169584,31562.72
2009-12-19,-6360.403796431547,-22490.293587981872,8828.757459747598,0.0
2009-12-20,8483.226526792663,-6688.153951891574,23634.479216836677,11355.19
2009-12-21,16307.930692626473,1483.4645165375664,31633.10381863096,15549.640000000001
2009-12-22,19388.6470333362,4344.10743087858,33950.67483550394,10696.59
2009-12-23,15070.765457352814,-224.93295150343386,29869.74426646591,9485.67
2009-12-24,20634.38126874276,5509.855338147525,36172.764132454366,0.0
2009-12-25,9978.809890043225,-5894.616934319348,25730.46434189788,0.0
2009-12-26,-16361.6796278867,-31273.022996827523,-153.4362171576581,0.0
2009-12-27,-209.97966839686705,-15110.282306594747,15300.26091084947,0.0
2009-12-28,9050.058238832933,-6129.177375412551,24324.73347474972,0.0
2009-12-29,13665.105712904166,-1308.800084718534,29167.39039259379,0.0
2009-12-30,10949.847386265961,-5177.273817111089,25952.38021587518,0.0
2009-12-31,18151.96329212019,3046.0007506463726,34001.276567705754,0.0
2010-01-01,9137.420126654059,-6868.569179263848,23540.860623159915,0.0
2010-01-02,-15592.990888163906,-30742.300448564092,-589.833363082187,0.0
2010-01-03,2105.042131265691,-12252.527397837117,16605.644938951507,0.0
2010-01-04,12816.350789775468,-2419.6799960509766,28727.50379080077,13415.09
2010-01-05,18758.530162825424,2722.0214133833233,34371.17432803607,19051.19
2010-01-06,17220.134757367057,1788.423519960547,32513.1883519688,8731.26
2010-01-07,25426.29305135124,10508.153114676195,40647.91926849772,72989.38
2010-01-08,17224.540328513292,2067.9784631550683,33210.81371761275,30292.7
2010-01-09,-6898.206697249272,-22376.168718692024,9753.187733768358,0.0
2010-01-10,11193.366768489335,-4550.838842988379,26388.369949353546,23157.33
2010-01-11,22080.168603323964,5479.534557201746,36975.40565945964,19684.49
2010-01-12,27981.00989793722,12345.600337183168,43869.572898542814,38833.58
2010-01-13,26190.736218580165,10160.854217966058,40718.49936916161,12391.1
2010-01-14,33945.6483636552,19763.810306974854,50115.12261977991,23721.64
2010-01-15,25109.017780751707,9210.358886068925,40170.10192856387,13499.55
2010-01-16,187.6288900713662,-16366.71835801437,15058.660666065272,0.0
2010-01-17,17340.260362181853,1203.0555124458988,31713.53917857628,17363.25
2010-01-18,27174.256217527676,11421.46474162674,42724.5335481923,12078.84
2010-01-19,31937.140393754024,17343.202474411297,47864.876194030854,21892.791
2010-01-20,28953.999522239534,13366.9054361211,44375.30142637505,13244.34
2010-01-21,35492.12235287659,19834.617557324742,51258.636920526755,27359.23
2010-01-22,25445.72186828609,9763.137090048718,39581.7027815457,29345.83
2010-01-23,-648.3065726752538,-16284.301511297494,14791.129766104308,0.0
2010-01-24,15397.341722553361,216.23186280950492,32121.63948686962,15552.32
2010-01-25,24216.247231728936,8491.316284742506,39286.81806327528,18346.54
2010-01-26,28079.24416303136,11611.566489193565,43346.70007067844,38570.37
2010-01-27,24331.251023426736,9824.941672062008,39539.750943250656,23722.72
2010-01-28,30255.45624839671,16524.18037962087,45951.37367470937,18914.83
2010-01-29,19757.69615587023,4531.115352319621,34277.62580325416,25382.441
2010-01-30,-6618.0132750644225,-22502.17822642724,7708.411538204331,0.0
2010-01-31,9318.14687328316,-6350.366383184517,24649.846233177832,18261.86
2010-02-01,18197.68541878942,3728.461976324789,33835.17821622744,16606.931
2010-02-02,22284.921820285792,6756.322115067043,36448.30210776238,19532.03
2010-02-03,18914.07659597312,2974.806548499417,34574.88601522808,17230.061
2010-02-04,25353.825457811843,9234.294204660171,40065.370504513405,22486.01
2010-02-05,15492.143118013191,311.66886931006746,30126.505752961835,19420.74
2010-02-06,-10147.61561470999,-24946.11325492509,4412.664371091282,0.0
2010-02-07,6601.5241706742745,-7892.352855459082,21195.426557186485,17023.920000000002
2010-02-08,16346.710825815975,1487.3052200113902,31954.183531701434,13016.04
2010-02-09,21327.08394780336,6774.452479362497,36898.3282730685,18398.26
2010-02-10,18851.572923512977,3804.0283623660425,34030.90083220988,6082.34
2010-02-11,26164.150519867297,11876.373497643412,41441.775717430675,15061.87
2010-02-12,17129.348188894597,1798.9406352522064,32898.356375849115,9728.96
2010-02-13,-7751.037603980563,-21792.94027769063,8461.727576462983,0.0
2010-02-14,9670.85677385225,-5785.331462567087,24722.108480358576,17772.19
2010-02-15,19985.999649637604,5396.301293138671,36012.091019650885,42318.211
2010-02-16,25420.675556239265,8752.044747243895,41256.00427503905,25669.010000000002
2010-02-17,23274.57715540719,8256.189030632077,38606.58819815942,26455.22
2010-02-18,30786.244972374745,15549.47051505371,46581.43959344076,35737.24
2010-02-19,21818.65780597384,5513.7561539423605,36943.17077123109,18931.99
2010-02-20,-3124.097493657282,-18421.08549606678,12287.464250306452,0.0
2010-02-21,14111.83047497488,-819.512751662836,29314.6310332961,11394.731
2010-02-22,24126.846064044887,9074.953699417187,40427.43890213135,26336.24
2010-02-23,29159.773995185096,14081.72010653216,44918.56580726971,20840.01
2010-02-24,26525.523354514728,10418.74562729966,41348.79366227159,30392.661
2010-02-25,33480.02896277754,18159.8791835447,49265.48626463705,44604.16
2010-02-26,23905.28825668067,8665.672598883883,38568.157573251054,12778.641
2010-02-27,-1674.5609393597479,-16358.080807006743,13769.87307579353,0.0
2010-02-28,14914.8032148364,125.24402565211996,29725.44084087022,16741.49
2010-03-01,24294.059261209874,8810.6887601651,39700.86101587918,23933.87
2010-03-02,28721.5092180586,12578.706656706254,44111.285794506344,21667.8
2010-03-03,25530.174287303515,10766.674228980486,40388.490434051724,31849.7
2010-03-04,31992.216462112257,17234.25264636576,47478.6784664719,29966.35
2010-03-05,22003.51876421475,6205.498379815347,37809.04779268281,25361.64
2010-03-06,-3900.6178743993914,-19928.92339371481,11290.032744274566,0.0
2010-03-07,12462.274045561713,-2712.7507618468303,26871.51911003859,19034.6
2010-03-08,21717.80013291656,5508.8918039612545,36919.42092892016,26605.58
2010-03-09,26125.868199257948,9877.747662306883,40950.3710936534,19665.69
2010-03-10,23017.781806452535,7818.778391167279,37892.36915032453,22905.79
2010-03-11,29660.75920215781,15295.059593834312,44993.857015596586,21537.09
2010-03-12,19942.706458803958,4731.994026696566,34852.400324170456,19123.05
2010-03-13,-5611.803869027895,-20950.761194887422,10144.852555026142,0.0
2010-03-14,11166.577458339521,-4334.0185839197975,27279.453352719025,8947.9
2010-03-15,20888.377508946876,6353.590207035378,36743.22020866413,20536.681
2010-03-16,25796.94978469833,9919.253133269694,40764.234810440954,21048.78
2010-03-17,23206.092195709585,8197.424591017749,38223.26924553081,29543.78
2010-03-18,30365.114433694358,14764.320003189752,45325.0006016594,37570.75
2010-03-19,21144.167056206654,5672.610289984932,36243.052662791335,35274.3
2010-03-20,-3949.232995509421,-19073.40809491364,11643.190572673635,0.0
2010-03-21,13238.42938859622,-3068.620090422157,27315.12551090703,20485.48
2010-03-22,23303.549612220344,8694.383426041464,38210.6778120935,21494.16
2010-03-23,28477.47834712131,13345.533630150776,44594.06152369214,41826.29
2010-03-24,26064.498970262797,11304.906924702938,41568.54009649457,25970.5
2010-03-25,33307.17726004359,19324.948501780356,49112.91547984664,30503.38
2010-03-26,24071.88778148612,8831.24970172764,39654.946207674846,29867.35
2010-03-27,-1134.5536349987196,-14783.32720345253,14463.695095828742,0.0
2010-03-28,15843.755897388684,502.0876523443359,30943.063880329355,22402.0
2010-03-29,25608.60964427922,10662.901689221791,40453.48130966602,31740.38
2010-03-30,30399.597500614545,15754.003275547528,45426.96386247133,33524.51
2010-03-31,27531.830309139274,11676.106437368106,42301.015868489434,24591.07
2010-04-01,34260.96001378476,20496.659254023845,50948.61564874043,28646.66
2010-04-02,24468.310274017625,9256.57317437491,39381.71974138227,0.0
2010-04-03,-1322.9409811536207,-16974.76656407313,13252.85804350894,0.0
2010-04-04,15060.393765631576,-154.248153138021,30829.016420174983,0.0
2010-04-05,24237.79864279797,8065.581460798338,39007.632584312574,0.0
2010-04-06,28466.433911839275,13187.328872315305,44269.2151992603,17900.83
2010-04-07,25078.33873793197,8989.104080176967,39831.597741475794,32146.75
2010-04-08,31344.950361489817,16129.766007367392,47066.89838508686,39866.6
2010-04-09,21161.768966863376,5755.6904142773565,36321.733439523465,14668.53
2010-04-10,-4935.8767068257,-19527.547348383803,9541.752249735306,0.0
2010-04-11,11234.969859575718,-4357.549927290951,26259.55047491813,19732.05
2010-04-12,20300.894935672357,5096.78907510805,36101.32806135268,25912.471
2010-04-13,24523.288094752406,10110.436054045014,39252.378032614506,25736.04
2010-04-14,21235.423774935993,6899.869538942052,36658.42528066571,27054.25
2010-04-15,27706.947149328695,13564.481670279238,42491.31188098528,19538.34
2010-04-16,17828.594152694262,2434.908579782165,32877.912927748555,19363.82
2010-04-17,-7871.901342823134,-23514.8973464876,7886.878814916859,0.0
2010-04-18,8778.215092813056,-5411.927480748875,24825.909951966863,23934.46
2010-04-19,18393.018690085584,2664.3511183598434,33255.81631172105,24561.04
2010-04-20,23219.443071943668,7470.00950233203,37857.15844098958,21202.35
2010-04-21,20574.78063444748,6318.540099326367,36403.95656317134,25873.86
2010-04-22,27711.629487839054,12338.47674948671,42504.641247160886,35741.2
2010-04-23,18503.103105129925,3059.4080251133005,33939.90038096031,14969.64
2010-04-24,-6540.758737267246,-22604.696652213708,8613.05300824934,0.0
2010-04-25,10735.535718542116,-4129.543170143152,25811.65137329199,16574.53
2010-04-26,20929.718221279352,5418.405694900647,37301.12991054859,29734.03
2010-04-27,26273.75642068995,10019.332905696623,41804.081417185844,43534.06
2010-04-28,24071.769958847242,7904.761287483366,39456.788339186045,31181.87
2010-04-29,31565.338683635095,16658.731504456653,47213.833974353416,29575.671
2010-04-30,22619.008981240822,7172.491129572827,37940.926251572026,24532.95
2010-05-01,-2263.0714224085714,-16776.781701327676,14270.32207261086,0.0
2010-05-02,15071.517325583034,-544.4364436723132,31518.83366941347,12342.17
2010-05-03,25220.31784096308,9759.373209214044,39883.4143673578,0.0
2010-05-04,30417.970383986267,15280.367882496317,45383.421526867634,18945.33
2010-05-05,27974.02551294717,13206.108751629541,43197.02675835848,23625.22
2010-05-06,35138.07011075042,20611.63762950077,49914.203362200176,51704.13
2010-05-07,25784.978727385394,10883.410431809225,41438.0495019477,31976.09
2010-05-08,431.2286261695481,-14568.424481087568,14993.63330749555,0.0
2010-05-09,17243.195928577086,2241.6340129254713,32256.39009113144,22852.06
2010-05-10,26833.588137296258,12142.607212335157,41914.01910580761,26496.43
2010-05-11,31452.970036263425,15486.599301895423,46441.280709075225,25201.04
2010-05-12,28427.10990509582,14020.29943738956,42823.588538900185,29744.74
2010-05-13,35021.63546449318,19757.192457793986,50879.05254365611,38966.0
2010-05-14,25126.825305103772,10160.499765681749,39615.04176089621,16895.24
2010-05-15,-726.5124175262536,-15048.48975189326,14611.242451359396,0.0
2010-05-16,15640.855960869836,927.5089098092977,30476.522291287052,18370.09
2010-05-17,24852.669497656792,10216.830744316343,40749.060522287225,23290.760000000002
2010-05-18,29168.403378426778,14494.140884200417,45490.88241016493,26164.58
2010-05-19,25920.385564129938,10886.893320974956,41142.606434735106,16575.5
2010-05-20,32378.29488091747,16787.254106950353,47878.59626098852,25331.44
2010-05-21,22433.87023972606,6597.346246638381,38125.8134897915,22494.36
2010-05-22,-3383.2155724138356,-18010.30231478923,11777.063222716299,0.0
2010-05-23,13102.611803867336,-1144.7122675111855,28631.56077639437,24824.93
2010-05-24,22509.053674169034,7071.7333720021015,39053.60457612577,33536.19
2010-05-25,27087.383169276913,12368.279513046502,42746.25730886004,20415.92
2010-05-26,24159.837611271803,8645.246411911192,40527.70610243365,29586.64
2010-05-27,30984.445052645737,15913.32354131208,47281.190487188804,29221.670000000002
2010-05-28,21440.1043406923,6721.5274594295315,36534.89172729536,18569.88
2010-05-29,-3957.1393527049295,-19478.525920822543,10110.841926093963,0.0
2010-05-30,12954.293481362458,-3246.013930839321,27215.117186392716,10702.97
2010-05-31,22778.16820370564,7684.934788690071,39689.62628197506,0.0
2010-06-01,27752.300063312963,12423.767585085667,42042.5395997268,13093.79
2010-06-02,25186.346264479278,9531.763100363787,40027.00563347454,13714.76
2010-06-03,32327.000977417516,16594.249970236797,48231.957398193525,26644.63
2010-06-04,23043.401925605485,6306.193184337071,37753.54812751612,11447.73
2010-06-05,-2156.3188661906534,-18220.45706869086,12024.376511160506,0.0
2010-06-06,14883.56913265476,111.75322467555534,30521.15450256114,25457.15
2010-06-07,24763.197770603594,9833.07377122602,39884.18298119627,45523.11
2010-06-08,29719.046799239448,14062.913978242284,43464.76764444153,48215.48
2010-06-09,27061.747999584713,11978.136641488369,41240.79733282751,36508.94
2010-06-10,34041.22216693219,19077.179318765244,48864.50931099725,18009.12
2010-06-11,24531.96011571338,9897.022637225786,39183.78393572012,30835.29
2010-06-12,-950.6151711072052,-15374.585975492984,14540.780358434493,0.0
2010-06-13,15758.210464365426,410.83651832128976,30214.325800604936,21147.77
2010-06-14,25268.951435497765,10785.674628789835,40391.94068967013,21317.37
2010-06-15,29829.536200531795,13889.539602882887,44443.4756854472,26937.46
2010-06-16,26762.75008869213,11861.437164506513,41873.03991747652,29229.94
2010-06-17,33330.99381291724,19141.2083959136,47451.67541562139,22635.35
2010-06-18,23421.18056704995,9063.403966953945,38879.575360687646,17788.69
2010-06-19,-2439.279369349453,-18164.533352036702,13475.949100018603,0.0
2010-06-20,13925.520674654244,-642.4841792497957,28678.762281490424,9078.58
2010-06-21,23136.161811360864,7316.145807355365,38076.99475672175,18116.21
2010-06-22,27449.220861302056,12143.540791928022,42667.44970219747,12414.03
2010-06-23,24194.467726783518,8795.931775044897,39600.18804581936,25098.239999999998
2010-06-24,30639.432549076508,15034.503486659843,46819.70206786238,17217.85
2010-06-25,20674.170840494768,5872.108758124834,34798.91657322844,12371.59
2010-06-26,-5172.821078483972,-20854.451170108685,9654.243898321156,0.0
2010-06-27,11273.388289280352,-4055.8711286440243,26929.19760311497,18706.92
2010-06-28,20630.40238903863,5982.691023348057,36506.131382526866,51132.78
2010-06-29,25149.937720590846,10696.747289518733,40356.15062316236,32236.920000000002
2010-06-30,22155.19775090616,5479.275250875543,36467.765172065156,31491.43
2010-07-01,28905.66716821974,14244.699678271456,43840.46715406852,28830.02
2010-07-02,19282.147010817964,4392.008164285267,33692.95003543412,16726.13
2010-07-03,-6197.0259627072155,-20911.088755200017,8761.042339115867,0.0
2010-07-04,10632.343107556218,-5406.176869913607,25967.14360735062,10376.289999999999
2010-07-05,20376.885403098404,5538.495536326477,36196.33846685274,30963.57
2010-07-06,25277.45353607838,10024.21543257006,41258.41287257165,19917.28
2010-07-07,22646.831112996806,6640.861274247429,38865.99752832367,24902.95
2010-07-08,29734.843746796207,14571.900244244407,45648.53151891319,19973.45
2010-07-09,20413.682187272367,4583.791982979078,36684.9741878494,33408.64
2010-07-10,-4805.627897294653,-20796.221387119702,11302.332247709124,0.0
2010-07-11,12235.301622286492,-2653.7036764924537,26740.42462436712,7609.23
2010-07-12,22138.953428782745,6101.498044878828,36882.04613111077,16101.17
2010-07-13,27143.788004363832,12050.261421017782,43381.15617421835,17419.12
2010-07-14,24561.99299992096,8482.165414861836,40071.044648522686,19418.63
2010-07-15,31644.57500967214,15326.561493078265,45314.710616208424,55836.91
2010-07-16,22266.60561137131,6709.324899237158,36606.889113764344,21137.76
2010-07-17,-3056.4407483113428,-18732.309950424195,11333.516390348515,0.0
2010-07-18,13839.658885665007,-1721.812934273929,29704.40253342653,14581.99
2010-07-19,23564.382552475723,8720.150866820655,39076.4232135838,28611.56
2010-07-20,28364.08526335709,13773.155683488229,42856.42474830939,23124.39
2010-07-21,25559.460078726286,9947.241691835881,41537.647525788394,19142.73
2010-07-22,32410.324400621004,17713.743087954277,47268.65369468564,21620.39
2010-07-23,22800.553614522534,6738.599389473611,37379.8218808261,23886.329999999998
2010-07-24,-2745.889872169897,-17987.326100398903,12634.093710656347,0.0
2010-07-25,13943.094041024946,-1097.9154779027233,29477.034925084576,17230.6
2010-07-26,23483.978478950932,8668.441385675245,38922.446541101024,20232.85
2010-07-27,28128.993047564963,13564.561917731078,43583.89401387359,28265.86
2010-07-28,25203.387211278998,9436.894749686744,40571.95110223106,23252.72
2010-07-29,31970.06630620293,16811.581926967472,47547.72879591665,32801.91
2010-07-30,22314.42736791089,6674.803740013491,37155.930319027546,14363.69
2010-07-31,-3239.6538253051367,-18914.09319730345,10936.79955470957,0.0
2010-08-01,13478.243251648079,-1334.8456997886667,27667.02993004396,30637.95
2010-08-02,23081.39148668644,8405.84344608929,39111.27653533526,26124.16
2010-08-03,27817.42652809403,12882.952838295065,42726.22568423537,22362.79
2010-08-04,25005.78772795279,9502.611739339241,42210.412643392454,17555.5
2010-08-05,31902.576508657472,15740.666204638173,47546.315403247056,23145.06
2010-08-06,22385.652061120785,7221.845126110394,37543.56691370398,14728.15
2010-08-07,-3029.0928166980157,-18869.791868160446,11405.1311558363,0.0
2010-08-08,13820.642398980573,-1649.658530864289,29390.114476135157,13950.71
2010-08-09,23540.1906885705,7997.396196953237,39079.26580819639,31336.59
2010-08-10,28369.74329225939,13022.746933572793,42625.23242844191,28209.74
2010-08-11,25622.093599123724,9393.690210304898,40814.11630492421,18629.86
2010-08-12,32547.77554555967,16981.63544605247,47834.7771603529,26031.28
2010-08-13,23020.40661939969,8189.2557275829695,37126.740390591396,15150.14
2010-08-14,-2446.830575955999,-17243.50183986727,13752.707725376762,0.0
2010-08-15,14307.342340594912,724.2826543923155,30138.365340754775,20484.46
2010-08-16,23889.02552430179,8547.03771251318,39535.8694659243,14270.74
2010-08-17,28541.00831808032,13795.137786145018,44611.244861599334,28802.52
2010-08-18,25580.492591702066,10604.889567482638,41277.780902922765,35122.52
2010-08-19,32264.148014278024,16422.030335097625,47561.348042295445,30663.35
2010-08-20,22473.31026730007,7516.068643021845,37647.34086837682,23250.77
2010-08-21,-3269.739234970468,-18560.60363586959,11510.047584761718,0.0
2010-08-22,13206.502651152725,-3335.6289524973276,26579.18315270183,22677.01
2010-08-23,22519.187007043278,6773.278018405846,37792.00243928149,20655.35
2010-08-24,26922.643921419844,12378.422273766202,42551.79041710551,26577.16
2010-08-25,23745.74291001597,9630.07611332825,38029.76274638657,30466.760000000002
2010-08-26,30256.56956402383,15474.698860654778,45383.00115646268,31964.34
2010-08-27,20347.24166348911,5958.5836579684365,36453.847547024765,12166.64
2010-08-28,-5450.185840850681,-21365.974080139447,8731.145474684497,0.0
2010-08-29,11044.200863837666,-5365.8877585676455,26683.690824359397,14449.3
2010-08-30,20454.277731039838,4719.981137644937,36629.59682840979,0.0
2010-08-31,25039.133217676605,10274.082635213894,41322.413365473105,22811.75
2010-09-01,22130.199835478936,6919.8505236276105,36245.744441127026,20351.36
2010-09-02,28995.76195351344,13616.888029689371,45003.79355007156,33430.57
2010-09-03,19525.669574469273,5370.701682272814,34434.52979623063,34739.159999999996
2010-09-04,-5752.7879459091055,-21922.778748729168,9367.563491982182,0.0
2010-09-05,11333.082085661576,-3872.7840406690166,27394.541511542524,12286.710000000001
2010-09-06,21397.595123743464,7481.262551965788,36516.962494140855,23717.79
2010-09-07,26688.127813258616,10681.935932797953,41787.2033572679,24397.45
2010-09-08,24522.505405038166,8879.202430855019,39358.99062079663,16175.22
2010-09-09,32153.826997805343,16121.356050919598,47535.733781117,23526.38
2010-09-10,23455.55016945317,7673.760819497236,39263.83876417241,15988.35
2010-09-11,-1062.2208998870774,-16191.741065068738,13628.561062472103,0.0
2010-09-12,16755.675141785105,1206.0406799457978,32289.973503343965,15528.75
2010-09-13,27506.142666511805,12061.5684960315,42587.984097625274,32892.16
2010-09-14,33419.74045973085,18042.102051864524,48059.35171768345,19705.02
2010-09-15,31798.53510591104,16723.47824601985,46959.916397207955,33812.4
2010-09-16,39881.37163667465,25209.178572085988,53387.69558638931,27099.271
2010-09-17,31529.369865070188,16456.557941575098,47580.63325560656,19486.54
2010-09-18,7242.578177941143,-8416.30146038075,22262.606100468412,0.0
2010-09-19,25168.69265889648,9471.355774490676,39353.707309880956,22783.53
2010-09-20,35899.98467570177,20235.42338344316,51364.59823703288,38563.96
2010-09-21,41665.379528038415,26581.184104050026,57308.19187656223,54698.89
2010-09-22,39768.39686131927,24737.489986427452,54736.69289545646,27208.8
2010-09-23,47452.42470084326,31754.19822843096,61764.389808438726,34305.1
2010-09-24,38586.134491603174,22975.912440206223,54100.959753848176,47106.39
2010-09-25,13679.970317034422,243.84510007839447,28980.282169827275,0.0
2010-09-26,30894.62399424739,15147.169153905283,46491.59156593408,21703.9
2010-09-27,40837.64533259436,26174.580229690262,55915.43022578844,115172.24
2010-09-28,45755.13847686096,30548.17765150657,60196.61947798836,40015.41
2010-09-29,42969.26531104576,27867.259720972907,57630.55166680885,36740.03
2010-09-30,49743.039705458505,33300.535989447846,65835.28508238411,37578.57
2010-10-01,39965.233247052616,25024.39836323884,54653.64559159733,34550.89
2010-10-02,14166.339827095486,-1693.43805999242,29872.635660217235,0.0
2010-10-03,30526.52552312107,14659.448053960545,45204.98267740338,38335.52
2010-10-04,39671.72791329131,24678.72219663616,55727.78934777103,34956.56
2010-10-05,43864.87035603811,28767.788435965114,58614.5101148937,55108.91
2010-10-06,40442.92559627656,23917.97546195139,55940.79645027189,30355.01
2010-10-07,46681.32590439657,30734.64464924217,62497.77658660392,47610.92
2010-10-08,36478.55069145966,21677.45453201922,51356.18742886599,51836.73
2010-10-09,10371.848605569672,-3932.148393612118,25517.807676964523,0.0
2010-10-10,26545.027555166896,11862.642466182144,42783.86699926024,23139.31
2010-10-11,35624.481521268826,19887.024590406785,50483.76541880076,39962.9
2010-10-12,39870.42182088032,24641.851353846676,56473.84831284193,46566.35
2010-10-13,36614.047193074584,21831.615348422296,51563.88468610535,51564.7
2010-10-14,43122.14614002143,28485.19687092286,58933.206904165694,86945.13
2010-10-15,33281.95775581225,17873.26679416368,49295.25062520314,42398.82
2010-10-16,7617.239775120226,-7235.419430539869,22814.59900747876,0.0
2010-10-17,24296.46733656803,7521.167924352589,39452.60269042957,31176.14
2010-10-18,33929.3194248589,19296.024814048043,49646.16859217002,36591.44
2010-10-19,38758.4072245688,22519.989860131467,53947.45948145852,46577.64
2010-10-20,36096.96419119921,22321.86024955611,51334.96756998887,43387.26
2010-10-21,43193.975985075966,27808.144856818268,58795.03174075184,32847.8
2010-10-22,33919.56094774295,18119.557268248955,49263.17446126456,32843.94
2010-10-23,8781.534485327911,-5796.797151044044,23702.663933144184,0.0
2010-10-24,25934.06613021397,9019.459167898087,41354.526964252436,28634.59
2010-10-25,35974.5726009342,20648.78044189667,50946.04775924209,27945.06
2010-10-26,41135.788940328435,28070.538558627384,55916.92146646314,42545.95
2010-10-27,38723.72723974174,24253.70497875586,54745.48712994905,30480.55
2010-10-28,45982.99442413643,30161.38932951907,60729.683408886136,30701.3
2010-10-29,36782.26680321172,21614.304450895404,52372.738332048204,36100.95
2010-10-30,11630.866199913342,-3451.631498130781,26200.48552345678,0.0
2010-10-31,28687.331499331445,13552.506120382432,44960.95478080492,29947.64
2010-11-01,38556.138562104985,23985.080390029783,54277.376779055165,20730.24
2010-11-02,43479.51416615883,27605.195516359403,59392.20185284766,42866.91
2010-11-03,40775.06107142919,25028.25222157386,55482.12591160726,42870.87
2010-11-04,47700.67415713724,33097.160239507226,62591.309610085336,83876.12
2010-11-05,38139.56459583452,23773.218190071144,52980.63396276321,40907.93
2010-11-06,12616.336037291143,-2105.6657861741014,28935.202218967974,0.0
2010-11-07,29305.036213478346,14305.604761720731,45403.38675998038,31345.79
2010-11-08,38825.345545610326,22944.40188810661,54187.783748268695,32303.991
2010-11-09,43433.86619275919,29466.309965783086,57711.59530685332,53013.21
2010-11-10,40461.24489558747,25848.006597379306,55684.30571337435,73575.93000000001
2010-11-11,47176.625267308475,31977.391597225782,61510.46434214601,59712.61
2010-11-12,37472.26118060584,21504.250909650622,53510.07969792441,36167.25
2010-11-13,11879.248439099092,-3785.7198093465395,27247.516420942135,0.0
2010-11-14,28575.309488031984,12404.61340705331,44458.615452699705,27934.71
2010-11-15,38180.80186681837,23123.713973094178,52626.2472455719,42964.04
2010-11-16,42949.920447074044,28171.817338967667,59064.487961147184,63788.840000000004
2010-11-17,40207.83068355292,24731.578479120253,55209.140699075615,45726.741
2010-11-18,47215.22953053814,32963.593576990395,62420.91536323769,37074.97
2010-11-19,37853.16374428804,23004.417733368155,53024.044175615556,39999.42
2010-11-20,12639.057931571537,-2016.457236517335,27951.98996353907,0.0
2010-11-21,29734.880085342782,14636.149548169577,45065.48526695732,32056.05
2010-11-22,39743.602104573045,23714.316403392793,55344.04832273773,31724.88
2010-11-23,44900.918824794804,29950.86567035398,60390.32091101269,49805.35
2010-11-24,42512.94229325533,26379.967591897916,58400.72622208795,41138.6
2010-11-25,49821.354884019645,35643.269996806084,65280.30087659598,67870.96
2010-11-26,40688.833199885485,25106.908055896787,55722.15890732637,28828.04
2010-11-27,15615.677324200136,248.11525336009336,30885.02077292702,0.0
2010-11-28,32748.554654093223,17168.217630474468,48588.3772906906,27125.16
2010-11-29,42677.501310279324,27563.875884912024,57772.741283573756,63245.18
2010-11-30,47628.122068074736,32473.327531050905,62399.20128067152,49806.23
2010-12-01,44899.69637188933,30956.61094131872,60380.22407540919,46192.49
2010-12-02,51730.65772225689,36076.74294607881,65982.12854215501,47197.57
2010-12-03,41984.24794348023,27487.409531935104,58750.34864985224,23876.63
2010-12-04,16165.272467403474,1153.18144613648,31348.161382491657,0.0
2010-12-05,32428.86031798847,16882.033676928022,47451.42225590986,31361.28
2010-12-06,41377.36931686056,25399.770460637737,57210.23014271263,31009.33
2010-12-07,45252.378150902194,29955.953025234474,60403.12242696385,53730.96
2010-12-08,41372.47675168488,26633.81741267859,56600.028044417406,39094.2
2010-12-09,46998.329269699105,31318.977729158938,62146.20096104753,38193.91
2010-12-10,36017.82109087263,21671.661226739307,50978.12231464722,33488.38
2010-12-11,8962.228660431145,-5394.689853465854,24679.800467845995,0.0
2010-12-12,24014.330788318475,9237.662829774097,39814.89631969182,17102.35
2010-12-13,31804.618906329495,16412.10402396739,46893.385583457144,27578.34
2010-12-14,34602.56636991826,19219.571533208036,49244.265708742285,29235.13
2010-12-15,29753.73027520226,14522.309742225767,44684.11108269027,30251.47
2010-12-16,34543.96711470176,19174.819183342774,50377.26511462547,48791.87
2010-12-17,22884.019267856016,6736.375818976346,38215.86996684474,19966.36
2010-12-18,-4674.995478001307,-19063.96619143386,12030.438172247153,0.0
2010-12-19,10065.958141762021,-5720.18226947501,25860.143884400044,7292.95
2010-12-20,17749.558660734692,2813.8730303265284,33788.90192649488,19599.06
2010-12-21,20653.011600355538,6430.655822769924,35482.67882914269,15929.16
2010-12-22,16124.8335503563,1161.6749448673504,32251.089842389207,4886.52
2010-12-23,21449.039428105138,7327.766796255858,37118.982552079564,5644.77
2010-12-24,10529.569631839917,-5117.090928978541,27131.859590090055,0.0
2010-12-25,-16094.082871305636,-30708.057255768475,-1576.1486051962054,0.0
2010-12-26,-239.11018423670976,-15364.876008632704,15565.724173113322,0.0
2010-12-27,8716.677181237792,-6102.305442762657,24838.758228799557,0.0
2010-12-28,13026.187451756045,-2275.2757290424975,28948.222809202813,0.0
2010-12-29,10010.386548519671,-6110.770595434481,25345.993662137324,0.0
2010-12-30,16923.127749671854,1789.1141568005849,31686.070447353522,0.0
2010-12-31,7636.292418826055,-7456.027579752382,22436.280744746167,0.0
2011-01-01,-17343.816515215007,-33351.013912413946,-2441.6998585214064,0.0
2011-01-02,132.08714846881048,-15430.097979207918,13938.348845640741,0.0
2011-01-03,10653.151016529167,-3570.47454815936,25769.35782212767,0.0
2011-01-04,16440.52361506001,774.0664335098548,32379.701671935498,12105.11
2011-01-05,14785.46555179934,-507.8631689578605,29738.665236698907,28799.43
2011-01-06,22914.900921194832,7451.320414219538,39173.16128585908,34343.79
2011-01-07,14677.255898720947,-1011.9705485578909,29798.464822666876,23797.79
2011-01-08,-9440.718877479187,-23695.80190443893,5964.812034045545,0.0
2011-01-09,8695.214303286757,-6727.634067942172,23326.250772196032,15590.68
2011-01-10,19663.96325636526,4561.848529637729,35094.511954238136,15330.83
2011-01-11,25681.473103078468,9545.038153126161,41243.840181791646,60243.73
2011-01-12,24038.93648305441,9708.203287912254,40064.84710530098,17124.74
2011-01-13,31968.31298074546,16999.03230656485,47724.30631022988,15159.46
2011-01-14,23327.96024657547,7447.786492203922,38633.138054215946,39509.7
2011-01-15,-1380.694074857096,-16798.20939000679,14207.611277550299,0.0
2011-01-16,15995.468941674273,625.1285827853044,32284.005153583203,6976.39
2011-01-17,26057.977249746844,11905.800251547524,41006.86047503476,16527.05
2011-01-18,31048.531763996743,15878.51660939609,47784.19595851952,87559.21
2011-01-19,28286.53723312028,13377.897953139547,43680.47322267882,21586.78
2011-01-20,35033.88457167912,19625.366364288264,50740.5330500168,15197.08
2011-01-21,25179.806925390312,11371.144646367411,40485.7144101378,24276.01
2011-01-22,-743.2406895584427,-15627.01874330189,14351.938436467368,0.0
2011-01-23,15448.251471242103,209.24785215930493,30446.95863604369,10306.1
2011-01-24,24384.801940403784,9812.091465864707,39048.00567942878,17601.87
2011-01-25,28334.98311878337,14098.91744063887,44427.41896081929,23994.38
2011-01-26,24642.29689807047,9653.908657763654,40241.86052863428,17424.45
2011-01-27,30589.382268903362,15792.355694969252,44782.45893747179,22050.49
2011-01-28,20082.391821602236,5074.708722625251,35211.33871622386,17247.2
2011-01-29,-6333.501072444891,-21992.025193714282,8592.081402707448,0.0
2011-01-30,9533.474194547067,-5251.765663351439,24384.39705483387,6542.61
2011-01-31,18317.615534544817,2891.4215122691458,33548.358064631095,18806.43
2011-02-01,22286.45085169538,6684.027069938632,36940.696443374654,26358.7
2011-02-02,18778.05815224844,4126.134271226489,34289.580265046185,17091.15
2011-02-03,25065.393773030955,10119.02439515685,41037.56769263194,22171.9
2011-02-04,15041.011174744981,-458.6379897705995,29144.617288327045,18087.96
2011-02-05,-10766.989153787086,-24654.36978043807,3904.6131938677167,0.0
2011-02-06,5813.14663890882,-9084.449452714258,22231.568595863293,3439.67
2011-02-07,15393.24668343993,-838.3533558945657,30796.845010217312,23382.97
2011-02-08,20216.90368297686,5700.251481599675,34551.89842846672,14153.34
2011-02-09,17597.15433781279,3115.0482285288103,31318.013288619106,11910.83
2011-02-10,24781.625423175377,10033.55571866145,39670.714834298866,14155.36
2011-02-11,15637.956041088764,374.22172618620306,30952.668831805455,18579.96
2011-02-12,-9329.572224486095,-24385.876851652672,5542.516418110751,0.0
2011-02-13,8028.709468916239,-6371.024656867333,23937.844452499467,5645.48
2011-02-14,18304.85753598607,3268.4986539918204,32674.448496726727,22999.39
2011-02-15,23725.511207606116,8823.706212419553,40144.39546439555,37750.62
2011-02-16,21589.989315181752,6182.297636456509,37021.45043191039,23413.97
2011-02-17,29135.755594778708,13625.4157177202,44692.25851887473,17659.64
2011-02-18,20224.054371947674,6694.501576006771,35920.564997627574,14438.73
2011-02-19,-4643.356235044295,-19299.471081534095,9419.063050419574,0.0
2011-02-20,12684.531707862776,-2682.0131893423645,27494.580123716674,9437.8
2011-02-21,22804.857476225116,7307.574044270985,38946.61276417582,32724.38
2011-02-22,27952.862981914754,13046.3979845772,43671.21341233945,29116.63
2011-02-23,25444.68496004728,9377.981087021362,40559.17507706136,19315.97
2011-02-24,32527.362031016215,16216.022054104853,48282.803066279695,21463.94
2011-02-25,23079.038362490297,7789.438310091775,38231.7296759736,18377.14
2011-02-26,-2379.8610816835208,-17140.453731094687,13015.376117783759,0.0
2011-02-27,14321.521470973235,-1638.1545370896104,28876.536314374145,9382.710000000001
2011-02-28,23800.748789533845,7864.558227340898,39297.19336016978,15026.68
2011-03-01,28313.44323901916,12581.21988023907,43358.98237721174,23621.59
2011-03-02,25190.456202324072,10872.58646773207,40238.031182930165,18666.14
2011-03-03,31702.347296792046,16963.900676339726,47189.34300245808,32818.19
2011-03-04,21744.004606357834,7258.113039928078,38166.322638771366,17302.55
2011-03-05,-4149.637059715729,-18471.927091809495,11826.335529449965,0.0
2011-03-06,12204.154939237964,-3341.4877108547607,26711.821486144287,9951.67
2011-03-07,21431.866034055765,7223.0607689686185,37771.02691757786,20247.85
2011-03-08,25794.86384059337,11007.169689021774,42623.13007482215,22184.11
2011-03-09,22626.439987064234,6958.828600150775,37027.37162798974,20320.23
2011-03-10,29196.262025854274,13524.624183543854,43737.5782981071,24429.77
2011-03-11,19395.066377069874,3526.3325062571503,35507.82568399762,20894.75
2011-03-12,-6249.4538832850485,-21020.426963782716,9533.348029462253,0.0
2011-03-13,10435.362426803935,-3984.642751561738,25587.718877313386,4117.22
2011-03-14,20063.442104083835,5044.534277513249,35057.70299619245,25866.33
2011-03-15,24881.52076423386,9752.194648178249,39914.51984895816,14896.28
2011-03-16,22206.65679729274,6819.034020639934,37336.88614134624,21715.11
2011-03-17,29291.199181958273,11909.243905874942,44617.643576100956,31976.51
2011-03-18,20008.024397299025,5397.667751236071,35301.379108785666,23334.6
2011-03-19,-5127.318868638955,-20886.968538666864,10886.254704126488,0.0
2011-03-20,12034.848529700083,-2841.7003099964954,28311.751516984772,19880.99
2011-03-21,22092.266959503595,7357.13501023973,37601.08480704479,16020.1
2011-03-22,27277.072425751645,11656.804442450215,42698.527702022206,19016.94
2011-03-23,24893.751774764725,9879.282572871358,40749.4144119682,21566.02
2011-03-24,32184.4877431693,16915.67584591932,47126.64776350544,36496.79
2011-03-25,23014.69831232692,7519.351715427019,38248.09245793022,27271.1
2011-03-26,-2110.300716531605,-16872.296599798847,12406.684211823773,0.0
2011-03-27,14963.396299886828,-808.8177579440395,30939.563905618914,9189.77
2011-03-28,24835.149074389854,9403.555383704588,40617.546993587195,19961.67
2011-03-29,29741.751332595275,14139.857224540478,44824.25478572517,37190.52
2011-03-30,26995.2393560261,10754.984171785081,41700.89791719145,29523.85
2011-03-31,33848.00435330207,19123.56662043643,48411.06863029407,25621.11
2011-04-01,24178.020505649547,8673.596154785118,39429.46043459381,24487.9
2011-04-02,-1494.872736219615,-16909.797806424092,13071.930813414869,0.0
2011-04-03,14999.283760836126,142.57228971154495,31155.940342275604,6872.53
2011-04-04,24276.951361062478,10494.351661354593,39644.76012194073,28998.010000000002
2011-04-05,28592.562335014947,14164.591089473695,43230.61539491584,28667.42
2011-04-06,25275.80281763701,9182.937993504143,41114.18071459496,12698.32
2011-04-07,31596.200879786644,17259.033649995497,46822.31839257968,16780.32
2011-04-08,21447.847037860367,6540.197565667864,36681.740637799114,22673.91
2011-04-09,-4634.799326112487,-20001.977180545346,11123.030074220742,0.0
2011-04-10,11530.91411012806,-4315.076320582912,25954.210533832378,9879.75
2011-04-11,20571.842818288063,5617.117341175567,34833.29556407651,20179.7
2011-04-12,24752.941890141898,9297.858884081605,40179.877747313665,23988.6
2011-04-13,21406.12827744541,6313.719634129166,36193.276148693054,24450.27
2011-04-14,27802.920419149374,14064.51214322405,43022.444597235175,35682.73
2011-04-15,17836.371868587852,2249.935982099868,34219.63710635596,17999.181
2011-04-16,-7963.089151860448,-22950.891090744964,6859.284999489564,0.0
2011-04-17,8580.284619454926,-6671.718260025665,23845.236896940747,12630.34
2011-04-18,18083.773192450037,3760.512614678739,33501.60369490909,43671.37
2011-04-19,22797.634672913347,7112.870441411017,37448.97105318927,18811.19
2011-04-20,20042.51041243225,5006.984045289914,34335.5335100515,25715.8
2011-04-21,27074.27652942661,10786.690656602568,42070.597318515305,27771.04
2011-04-22,17769.16073979435,2378.7712724961066,33310.17390040602,0.0
2011-04-23,-7359.9342664570795,-22606.186146067303,8419.380465009097,0.0
2011-04-24,9845.015138713234,-4996.425070226108,25168.660924881435,0.0
2011-04-25,19983.871862402382,4347.1422739794825,36324.067179916914,0.0
2011-04-26,25290.27637992295,8936.307397398374,40345.453212395805,21536.86
2011-04-27,23069.51884156111,7962.305710089765,39162.72388718598,23566.91
2011-04-28,30563.818123552992,15784.534964580207,45188.514211368194,21312.18
2011-04-29,21637.814563837692,6646.805566942032,37123.683653884145,0.0
2011-04-30,-3204.7929868827414,-19008.159367925153,12360.016626747598,0.0
2011-05-01,14187.441532948385,-1027.629914648162,27848.231282607718,6958.11
2011-05-02,24410.59495860148,9819.79171853512,39279.30446518328,0.0
2011-05-03,29697.396645264285,14480.708520412178,46187.15662582043,28877.21
2011-05-04,27355.100440387112,12242.75820834547,42044.45048011288,27509.81
2011-05-05,34633.2949813904,19718.094672460185,49352.16778844573,25191.79
2011-05-06,25401.390462165265,9559.533784271733,39725.17323231806,30783.33
2011-05-07,172.86121793709026,-14704.03227811119,15011.881422508592,0.0
2011-05-08,17111.01566725981,2394.057175993161,32872.444285808815,18731.98
2011-05-09,26825.517938748104,12005.669259985998,42371.04745145153,21608.16
2011-05-10,31564.001230615595,16629.38059686342,45851.76477080888,29807.25
2011-05-11,28649.497285929243,13850.52925273991,43503.04036445557,31848.3
2011-05-12,35345.16899652543,20923.812847568817,50090.580278739995,59827.74
2011-05-13,25539.1696953946,10924.78361694295,41058.04538783467,25815.72
2011-05-14,-239.42099128822883,-16031.726091165347,14468.471173532,0.0
2011-05-15,16187.343670711209,1552.8130230064166,31183.959978921634,9667.15
2011-05-16,25442.388789864388,9982.856783949584,40511.534350211135,35706.7
2011-05-17,29784.865686415345,15388.987385095455,44916.259621946025,46361.090000000004
2011-05-18,26547.270998268308,10853.058831280361,42900.044930193086,32775.69
2011-05-19,32999.93266331358,17656.590556765444,46676.19171962382,31521.87
2011-05-20,23035.6929721021,8548.221951824386,39473.272385499266,25351.44
2011-05-21,-2814.2569464304725,-17009.154647917305,12294.18349874718,0.0
2011-05-22,13627.539430374547,-1838.24859729772,28420.801256459235,24102.0
2011-05-23,22980.96806028399,6593.816557638807,38061.83456836186,31232.53
2011-05-24,27499.719622928336,13696.90249560859,43397.75005004367,32460.829999999998
2011-05-25,24508.606195336586,9346.546500969369,40208.90073555606,21870.71
2011-05-26,31268.30832397818,15752.116041509567,45573.58719290308,32764.38
2011-05-27,21660.37426008111,6884.322686431742,36752.71349742305,21109.22
2011-05-28,-3796.584270395655,-19806.57598906808,11518.495534538566,0.0
2011-05-29,13061.42567332367,-2294.631757770357,28082.343624883124,7338.94
2011-05-30,22840.34102414298,7591.910654924536,36973.849093496734,0.0
2011-05-31,27779.86200460539,12556.942270928335,43945.40810880719,18133.2
2011-06-01,25191.18485435932,9022.92033210859,41444.47260121064,15380.39
2011-06-02,32322.154604525174,17280.005148736105,47966.815932589685,28078.91
2011-06-03,23042.641643574138,7978.490952327934,38293.36138298972,15024.11
2011-06-04,-2138.924567093014,-16460.79017530123,13808.79867236418,0.0
2011-06-05,14933.045042885306,-292.53220670570335,28790.6282936356,25423.76
2011-06-06,24858.1116252196,8665.449229241223,40047.384584032996,16269.03
2011-06-07,29871.77755294033,14782.75768434621,45299.12088337832,33807.85
2011-06-08,27283.3251709679,12283.75729689457,42803.81200304433,30122.23
2011-06-09,34340.99929744656,19571.132500114007,49455.33235658115,42862.8
2011-06-10,24917.34313113794,10038.637205337864,40871.383704522654,58245.12
2011-06-11,-474.3770764523433,-15298.525260990533,14869.458535590707,0.0
2011-06-12,16328.255138841814,2762.13406457575,31638.27151276916,12397.09
2011-06-13,25933.387182257375,10672.33761488481,41521.327300925936,19696.66
2011-06-14,30586.584104109388,15550.400115356158,45405.49239030909,33324.49
2011-06-15,27608.343367949503,11988.083285135483,43169.89716851127,44954.18
2011-06-16,34258.92213992561,18239.814758649016,49709.92074038061,32252.100000000002
2011-06-17,24423.297925252486,8677.537048471022,41028.653599587095,19053.53
2011-06-18,-1372.7904175323893,-16958.628263618648,13317.817131373682,0.0
2011-06-19,15045.20425328528,-267.07618962890297,29146.113922727956,22421.48
2011-06-20,24296.852882790245,9843.123607580135,40604.695374441675,26110.99
2011-06-21,28638.106723262892,12943.768977335232,44276.750600919,19827.91
2011-06-22,25398.482203002714,10974.295160999225,40665.94055469608,21143.75
2011-06-23,31845.657165726807,17387.360847307526,47974.106488984704,22469.62
2011-06-24,21870.217095987286,6169.3267967290385,36506.88975051425,16016.04
2011-06-25,-3998.451074368797,-18957.022073593875,11380.425841609896,0.0
2011-06-26,12415.802884225232,-2856.521918368863,27402.53078559448,7032.36
2011-06-27,21732.086999628023,6558.2814458602215,36007.12513022098,13381.75
2011-06-28,26203.85760719706,10799.649277741544,40707.97518278851,30470.88
2011-06-29,23156.236014062084,7596.402800825375,37962.549187457924,12569.78
2011-06-30,29850.740721760005,14745.251448054492,44513.075048014645,41709.24
2011-07-01,20170.257736266307,6007.245990652794,35991.53164774126,12146.44
2011-07-02,-5364.805565702874,-21411.543523371332,9295.141269329502,0.0
2011-07-03,11411.737771258991,-2922.823621949422,26073.405383040685,5972.7300000000005
2011-07-04,21108.371737461734,6753.987403598466,36913.23547043901,30941.37
2011-07-05,25967.606972802263,10570.732538005957,41589.63885852651,25988.510000000002
2011-07-06,23303.641825124556,7497.829787654982,37953.95540493106,22934.22
2011-07-07,30367.433319760297,15640.225934030565,45996.617979099625,27860.38
2011-07-08,21031.98990711738,4021.350154405611,36387.726740609156,17538.5
2011-07-09,-4191.178600736435,-21120.384849326216,11171.666525262583,0.0
2011-07-10,12856.457740317335,-1233.2408704995605,27518.427186037894,5959.54
2011-07-11,22777.1835801106,7422.876101746376,37928.82580662237,20008.83
2011-07-12,27808.93506583134,13207.092021729573,43617.955377950435,17938.49
2011-07-13,25263.073285953127,10378.265703196696,40298.35736403793,19411.52
2011-07-14,32389.509769501965,17214.431085653127,46281.34987047871,31979.04
2011-07-15,23062.01428767676,7791.540895927465,38221.64324720566,11814.7
2011-07-16,-2205.4567561187287,-17466.242495610648,12495.799785191271,0.0
2011-07-17,14749.698570750656,-338.2769525147381,29666.972028742774,16926.15
2011-07-18,24535.27279370241,9278.724912689782,40549.64351160117,22001.63
2011-07-19,29395.93053040796,15020.918188217935,44066.39046954414,46583.01
2011-07-20,26650.728741664025,12021.370587790792,41346.03243912238,27021.06
2011-07-21,33557.95978606935,17967.3997546014,50097.65616596623,30271.94
2011-07-22,24000.137520532182,8643.56452687846,39139.75643327774,14628.880000000001
2011-07-23,-1499.9272536410972,-16802.933168465617,13802.211835279539,0.0
2011-07-24,15228.962687315316,440.2767430667395,30363.624065672637,26777.92
2011-07-25,24802.65623557099,9778.80545189741,38753.79726512318,19676.55
2011-07-26,29473.057394696385,14448.278762842649,43894.84060879499,17284.301
2011-07-27,26565.398089806287,11938.369515285445,42051.747916621505,22846.13
2011-07-28,33342.87266978162,17829.745605905646,48724.04843977803,54171.95
2011-07-29,23691.46133382619,8697.10091524565,40100.18645160902,17166.75
2011-07-30,-1864.1057381017235,-16833.046285501452,13646.500028614884,0.0
2011-07-31,14847.684928534469,-2126.4491196703016,30161.406445413235,33112.36
2011-08-01,24441.396311054872,8969.131617487605,38231.84400897409,19778.12
2011-08-02,29166.102514539423,13227.794919401393,44238.953154359595,20272.0
2011-08-03,26342.775184158072,11502.29392765281,41060.34562265894,26572.83
2011-08-04,33229.08338702381,18993.945247906267,49581.76786078029,62074.19
2011-08-05,23704.428823656395,7340.3839289377565,39382.71856997828,19703.95
2011-08-06,-1713.838789968042,-17093.377019596697,13605.950499549546,0.0
2011-08-07,15137.894021235958,1023.9383554675267,29673.77108392789,7541.91
2011-08-08,24866.074929371458,8685.080412982154,40570.20930855848,19743.98
2011-08-09,29711.76328785524,14281.035472723954,44274.54812280317,25949.92
2011-08-10,26988.333388909894,11134.490017972044,42076.23373977557,19853.41
2011-08-11,33946.58140353374,18233.85144845669,48936.65872462435,54325.27
2011-08-12,24460.047303889773,10536.238609817225,39768.256707055814,17970.17
2011-08-13,-958.5133943300498,-16024.667161008661,14637.800289940578,0.0
2011-08-14,15851.402998619209,882.2678952150521,30716.909070913833,5701.87
2011-08-15,25494.788257442702,11639.632412307172,40581.32935249095,17235.95
2011-08-16,30213.0152922453,15231.177651658718,44885.14584966022,16072.710000000001
2011-08-17,27321.598239854586,12904.809385165128,42174.81635754154,48554.44
2011-08-18,34075.294522237076,18303.13409121124,48676.42487095297,54034.98
2011-08-19,24353.359140984114,9522.262548393534,40022.64279229202,17326.07
2011-08-20,-1324.112975448872,-16363.261645306546,13235.342248174666,0.0
2011-08-21,15212.157475260807,-419.24021642377846,31294.779373033074,14410.25
2011-08-22,24577.13201789575,9768.292568325061,40155.737775427304,29617.26
2011-08-23,29023.0582135666,12931.888669478432,44569.62566215252,22384.02
2011-08-24,25876.90165675028,11583.498472705847,41097.86666983836,38371.37
2011-08-25,32405.09076185533,17404.554740887605,47578.16452010305,22441.260000000002
2011-08-26,22498.39537306066,8164.167396387551,36909.91094965403,24095.49
2011-08-27,-3312.1134643889163,-17975.584384239828,11312.309536410785,0.0
2011-08-28,13152.903408763528,-1485.7256984636845,28611.397854881907,10686.56
2011-08-29,22517.190598695874,6979.685949566927,37620.800579103714,0.0
2011-08-30,27040.17012751662,11297.041744128801,42318.73593739841,8805.17
2011-08-31,24054.081217109095,8860.290916694732,39116.49214686631,20527.89
2011-09-01,30828.482419665856,15960.719591405023,46460.244811427154,37358.62
2011-09-02,21254.94569738327,6211.9035137015735,36714.840275181,30203.86
2011-09-03,-4137.103276920567,-19475.543955119574,10461.122543609568,0.0
2011-09-04,12827.532445719344,-1641.6588598748874,27814.700993698643,16930.43
2011-09-05,22765.98221344215,7951.931250986178,38955.96880612419,35439.91
2011-09-06,27928.67751874384,12857.439294972504,43095.788459179246,25466.97
2011-09-07,25636.662170152893,10370.21437088627,41621.45333576937,21967.420000000002
2011-09-08,33146.33384128219,18672.176855642352,48161.09229622017,23048.38
2011-09-09,24334.440888747766,9932.23272049969,39887.68373656379,25082.86
2011-09-10,-285.71898289756064,-15562.121147206764,14589.530020175675,0.0
2011-09-11,17444.023363309567,2285.0405062380564,33022.30713448762,35206.92
2011-09-12,28123.309307770527,13311.518858623956,44178.077827532514,27777.36
2011-09-13,33985.08488317903,18766.125226826884,49514.954316211915,48116.5
2011-09-14,32333.383541246465,17882.212427439612,46129.82125610468,22013.75
2011-09-15,40408.53670163727,25229.98883287439,54462.08547936045,71926.69
2011-09-16,32072.622372088867,16300.026265709559,47023.74885323687,23245.03
2011-09-17,7826.085136033249,-6382.906912322339,23771.180684703828,0.0
2011-09-18,25816.43651781556,10128.877789973509,40965.60377083419,15639.55
2011-09-19,36635.17957205757,21079.812487692645,52812.50129732536,46588.21
2011-09-20,42509.900554425054,26599.289157128373,57489.12576869169,103377.68
2011-09-21,40742.23818236619,26682.645460486452,56213.76671788753,38472.1
2011-09-22,48573.201678674726,33573.30679126409,63763.34859249857,57734.98
2011-09-23,39868.643880321404,26193.28328308456,56873.317813507056,31753.75
2011-09-24,15135.82106554042,-783.3028356931637,30928.194586400852,0.0
2011-09-25,32531.949300964665,17770.0303404915,46971.311285829084,31164.781
2011-09-26,42660.90437790038,27381.210740410697,58511.40677501798,29265.511
2011-09-27,47765.01378096854,32630.524260008842,64063.219130547375,29212.32
2011-09-28,45162.658996841565,30245.448033636047,60460.47559447462,39001.91
2011-09-29,52113.169165180385,36894.27634574473,66429.4974836363,44671.27
2011-09-30,42501.82389767129,26749.808763275472,57736.196766495515,40023.44
2011-10-01,16855.909875219204,2897.4502219661554,31813.401053617603,0.0
2011-10-02,33352.75502637186,18034.105425915695,49272.05960189537,11479.98
2011-10-03,42615.90200026514,27139.2368994476,57422.81106680541,62143.07
2011-10-04,46906.38424209185,31891.384818448187,62540.03981537097,38532.090000000004
2011-10-05,43559.837629602815,28283.803079626952,58688.41438571876,73975.57
2011-10-06,49850.94268313916,34059.421951519515,65329.81232839875,60258.53
2011-10-07,39678.028128849284,24228.668293891926,53999.07411299469,49089.47
2011-10-08,13578.79193884737,-571.8358816008151,28228.597379296687,0.0
2011-10-09,29738.073379350175,14534.95813883011,45570.37492288925,12215.51
2011-10-10,38783.84542891978,23647.652886554955,53356.74162276266,42962.8
2011-10-11,42978.39620503405,28900.049816579176,58045.65399858121,46401.14
2011-10-12,39655.43520684904,24369.656844813562,53246.75377174847,27655.2
2011-10-13,46084.61965113975,31286.870145082616,62008.446718455685,32850.25
2011-10-14,36156.329345307146,20897.840855214876,51785.00860552211,32071.62
2011-10-15,10397.641337341029,-5040.627475977018,26510.608210557963,0.0
2011-10-16,26980.430572303114,12506.808013553476,43810.42674270962,21767.94
2011-10-17,36517.7564016587,22423.137811883076,51825.312427016426,46868.65
2011-10-18,41255.49212258028,25487.550169472248,55794.77957967442,37248.16
2011-10-19,38509.920274328,22544.00441778406,53382.55548620408,37227.88
2011-10-20,45532.77464788187,28245.64132575697,60237.425793530856,60910.3
2011-10-21,36196.542305364586,20433.88521679174,51883.88803476987,60364.01
2011-10-22,11010.961319712322,-4212.598389170447,26893.427822936148,0.0
2011-10-23,28131.625007253173,12850.598844048662,43954.11700767763,12156.57
2011-10-24,38156.837572795266,22655.58073590046,53458.1668749811,38897.89
2011-10-25,43319.664391421145,29450.58400037347,58151.32299508104,36113.86
2011-10-26,40925.88709100739,25534.97405421333,56383.899477927494,34105.36
2011-10-27,48219.333599253834,32915.939424296,63799.711853668836,55747.200000000004
2011-10-28,39067.38775708703,23273.1658434534,53882.34165070326,37194.58
2011-10-29,13977.607880261803,-1087.8808591246461,31343.18106768233,0.0
2011-10-30,31106.361281117614,16294.903717719031,46501.95335755683,34397.95
2011-10-31,41055.618601545866,25230.01639762257,56593.8272812896,33006.87
2011-11-01,46064.85285099919,29867.173492302394,61327.254857263455,29069.56
2011-11-02,43448.75769048647,27780.99407400722,58621.35610085903,38536.44
2011-11-03,50462.26209219912,34892.79286137891,65573.97017339912,60536.09
2011-11-04,40985.655344096696,25630.273363022745,55950.04628685062,55716.47
2011-11-05,15540.763284139346,585.5235417108636,31046.223925182156,0.0
2011-11-06,32299.0960860638,17124.393567333158,47036.65955014572,42508.590000000004
2011-11-07,41878.12618413116,25916.518138370044,56433.17619599633,28602.73
2011-11-08,46532.656959101805,30484.811805251906,61228.239064435125,38151.91
2011-11-09,43592.01299122046,27075.467297391115,59430.404085755734,61241.58
2011-11-10,50324.545328588894,34826.19780698958,66138.41939823588,70373.03
2011-11-11,40622.2816274569,25024.307260389513,54803.89681518373,36932.07
2011-11-12,15016.677030620509,-353.63460506662415,29896.312964501773,0.0
2011-11-13,31686.39972986548,15907.451715003956,46193.222782486424,28416.01
2011-11-14,41253.3216436257,27156.592104059073,57095.2117754356,58595.22
2011-11-15,45973.684542296076,30806.621122680368,61112.80662764804,47535.51
2011-11-16,43175.17968145539,28560.49285971082,59160.48846916806,48154.12
2011-11-17,50121.43896552931,33875.37718664293,66085.13506588338,55683.49
2011-11-18,40696.76922510322,25596.349380071966,56447.4759827722,36606.25
2011-11-19,15422.084279029705,1285.5168991658495,30751.18176399978,0.0
2011-11-20,32462.96461633118,17263.213309858416,47380.521545289965,29642.39
2011-11-21,42426.00819618537,26992.71677363117,57171.37572438915,45202.01
2011-11-22,47550.433119042056,32123.711550053376,62768.751403016286,49438.55
2011-11-23,45145.65825865933,29513.188458088003,61533.69771476371,71722.75
2011-11-24,52456.34584386721,38103.335110278895,68377.2436956482,38359.69
2011-11-25,43347.72186563743,27893.37963147161,58940.67952590617,26542.33
2011-11-26,18322.11204115847,3155.3713547502507,33831.18997152288,0.0
2011-11-27,35527.60548133531,22122.811181468864,51343.46443189436,16969.25
2011-11-28,45554.99163089283,30611.67875594344,60399.458758932094,51632.21
2011-11-29,50629.91357986972,35728.36680042242,65186.45009691257,48640.57
2011-11-30,48050.94697935326,33562.85220845541,62890.14493283216,41396.79
2011-12-01,55055.072980500016,39736.48838085577,69984.00443339029,44405.37
2011-12-02,45503.34726008882,29429.99244323089,61233.181912953136,44526.1
2011-12-03,19897.691224224454,5337.624041369933,35507.88071069064,0.0
2011-12-04,36389.70842777204,20613.489526956564,52272.45636167273,20232.0
2011-12-05,45577.66549027938,30556.79561923668,60314.14420588897,58081.090000000004
2011-12-06,49698.57735170338,34004.99470432899,65063.16958999548,45989.66
2011-12-07,46066.10599905779,31289.68315269549,61087.053356710596,69230.6
2011-12-08,51935.744176807886,36835.774070200125,66677.04345369533,50395.96
2011-12-09,41190.092373607185,25709.23314247399,57656.73606461876,184347.66
2011-12-10,14355.164400414164,-1310.7454508057328,27945.345391643583,
2011-12-11,29608.636582905016,13950.699581111221,45448.111435673985,
2011-12-12,37576.19428285954,22381.794712351642,52676.73655275913,
2011-12-13,40522.93209367214,25456.759622869653,55221.824660149534,
2011-12-14,35790.53496194597,20427.927596716756,51601.916726246396,
2011-12-15,40661.730996868544,24394.124363579063,56398.77098412684,
2011-12-16,29044.84410374295,13456.914543175599,44999.82478478023,
2011-12-17,1489.401646304821,-12958.269659828864,16126.842004981896,
2011-12-18,16193.731539410153,1474.0399997154132,31909.047206326348,
2011-12-19,23800.720810859,9013.322269441822,39758.472675884965,
2011-12-20,26588.70872327875,11498.632857703635,41675.52138569885,
2011-12-21,21908.25640394723,7116.778691317686,37633.574038575156,
2011-12-22,27046.295958370374,11603.071485255077,41848.68926947959,
2011-12-23,15910.496586777914,734.7096665386691,31693.498294265333,
2011-12-24,-10955.190826168924,-26280.39178670732,3776.542154505042,
2011-12-25,4637.126711369725,-10089.056486626505,18738.744212925663,
2011-12-26,13315.232137937714,-1018.0432755392262,28804.103486903216,
2011-12-27,17338.002810994647,1223.7344971358693,33293.00729712027,
2011-12-28,14032.60635111199,-2215.740361609529,29575.014009083454,
2011-12-29,20659.180470292184,6392.361463804457,35159.7931137955,
2011-12-30,11095.821054681073,-3874.489833486901,27420.18272744289,
2011-12-31,-14145.175812510584,-29092.398600560246,2336.850756271486,
2012-01-01,3091.1015711474683,-11703.456984425677,18151.667890118762,
2012-01-02,13398.921398856215,-1829.9415893080347,30373.648344494133,
2012-01-03,19003.92325219653,4156.268498061271,34801.106153397224,
2012-01-04,17201.12057866257,2859.2287330835366,31672.10910020842,
2012-01-05,25220.362208858907,10619.515561605725,39325.26661944591,
2012-01-06,16912.056638767368,1844.7670725208875,32106.663764631434,
2012-01-07,-7235.914610400585,-22189.85970269433,7787.656798988187,
2012-01-08,10910.807231536024,-5284.781632895536,25444.386823452074,
2012-01-09,21930.289834884763,7506.4379698926705,36189.1193756098,
2012-01-10,28036.70454698191,12664.284228860988,42558.43105236021,
2012-01-11,26518.587935337513,11396.770180604391,42068.18552887367,
2012-01-12,34604.43487496582,19277.631273680352,48883.84971524682,
2012-01-13,26148.423641913836,10091.043343213521,40841.96190711624,
2012-01-14,1647.199564836861,-13809.587146734786,16555.40596582442,
2012-01-15,19248.622755719985,3913.4923033254786,33515.40275813262,
2012-01-16,29548.623610246996,15669.2705122113,44030.63019456609,
2012-01-17,34783.1120919683,19633.33252805266,49653.28834690389,
2012-01-18,32265.65766391237,16356.177597111997,47211.819768187954,
2012-01-19,39252.42040653872,24456.210105857568,54813.19503781457,
2012-01-20,29627.15164848386,14429.587895804721,45309.57082504479,
2012-01-21,3917.2101359092703,-10996.936570324153,17997.764402352,
2012-01-22,20301.519809867423,5086.989258655157,35922.82153397774,
2012-01-23,29406.633936942515,12891.267459788907,44403.131439813114,
2012-01-24,33497.87259635552,19583.429517571454,48650.51029293953,
2012-01-25,29916.270729839132,15043.44105014442,44444.00393480819,
2012-01-26,35942.83644180183,20427.852155654167,51513.52404454924,
2012-01-27,25482.955306006377,10243.851625460396,40617.228045498974,
2012-01-28,-918.0980501088925,-16119.258904212835,14081.60156921373,
2012-01-29,14932.397636480362,30.04568277789125,30009.967691644186,
2012-01-30,23670.388313072686,7637.918096707519,38963.66377843971,
2012-01-31,27566.016675023347,12466.27188360785,42848.252608763236,
2012-02-01,23960.52865584196,8831.042142917662,39268.99246966422,
2012-02-02,30130.613829121456,14659.906104256714,45738.27631591783,
2012-02-03,19973.01189510293,5726.5251724799955,34514.26474113504,
2012-02-04,-5979.660319253409,-21520.24392740302,8996.73138208694,
2012-02-05,10449.067483250812,-4889.665573104309,25628.26983199928,
2012-02-06,19875.80658554588,4013.5521833855146,34688.18427383809,
2012-02-07,24548.86646727372,10088.36519803225,39371.87241730662,
2012-02-08,21785.805155666672,6913.92058241996,37330.20053373821,
2012-02-09,28838.453772069966,14244.479115307942,44577.29242195605,
2012-02-10,19578.22808629347,3154.9715590171854,34163.99396331078,
2012-02-11,-5487.338240512887,-21420.82350567813,9631.607417438821,
2012-02-12,11794.070526672307,-3705.5076860134827,27449.3370912031,
2012-02-13,22016.490283999825,6968.967782671336,37134.058782991415,
2012-02-14,27407.82998134192,12065.975946954311,43947.41048902895,
2012-02-15,25267.946862496494,10613.136348339327,40714.08633711942,
2012-02-16,32834.111364369775,16616.664739126107,47675.54615722275,
2012-02-17,23966.66326570428,8639.719941273363,39575.31867571517,
2012-02-18,-834.2146359661783,-16044.951433186705,14348.172463642895,
2012-02-19,16580.298560271014,1517.2035402826343,32147.092057332608,
2012-02-20,26804.61910076374,12093.370690926875,41789.978738013335,
2012-02-21,32070.81985295789,16335.108560852417,48726.88328168211,
2012-02-22,29686.50726541948,14678.102915468055,44696.93809308488,
2012-02-23,36899.98842239831,21483.46831556219,50795.20235172788,
2012-02-24,27585.539640718034,13655.394069158314,43956.646862769434,
2012-02-25,2259.7151978707334,-12443.921434459859,16288.639871333218,
2012-02-26,19089.614461931185,4397.277638038516,34007.04177898833,
2012-02-27,28689.26421031694,13244.388199264426,45070.246343398925,
2012-02-28,33311.07522710733,19109.709847907987,49680.21418800296,
2012-02-29,30283.102712517626,15622.472837649804,47204.67639016614,
2012-03-01,36873.60294657384,21764.82598816176,52188.48417432186,
2012-03-02,26975.71531812883,12037.58149768949,41434.28865520361,
2012-03-03,1123.225094810623,-12823.527184569826,16480.95028295055,
2012-03-04,17498.34064057118,1753.5186623177221,33053.792448974484,
2012-03-05,26727.655517355466,11690.054418897285,42148.91495591856,
2012-03-06,31073.266047524598,16254.127827367813,45927.023332465156,
2012-03-07,27869.782878197413,12696.42127414079,42968.99506390921,
2012-03-08,34388.7352816006,18383.723866990866,48471.478651237594,
